Districts,Regions,Countries
Cornwall,South West,England
Devon,South West,England
Somerset,South West,England
Dorset,South West,England
Hampshire,South,England
Berkshire,South,England
Surrey,South,England
West Sussex,South East,England
East Sussex,South East,England
Kent,South East,England
North London,London,England
South London,London,England
Buckinghamshire,Essex,England
Hertfordshire,Essex,England
Essex,Essex,England
Northamptonshire,East Anglia,England
Bedfordshire,East Anglia,England
Cambridgeshire,East Anglia,England
Suffolk,East Anglia,England
Norfolk,East Anglia,England
Bristol,West,England
Gloucestershire,West,England
Wiltshire,West,England
Oxfordshire,West,England
Hereford and Worcestershire,Severn,England
Shropshire,Severn,England
Cheshire,Severn,England
Staffordshire,Severn,England
West Midlands,West Midlands,England
Warwickshire,East Midlands,England
Leicestershire,East Midlands,England
Nottinghamshire,East Midlands,England
Derbyshire,East Midlands,England
South Yorkshire,Humberside,England
Lincolnshire,Humberside,England
Humberside,Humberside,England
Merseyside,Lancashire,England
Manchester,Lancashire,England
Lancashire,Lancashire,England
West Yorkshire,Yorkshire,England
North Yorkshire,Yorkshire,England
Cumbria,North,England
Durham,North,England
Cleveland,North,England
Newcastle,North,England
Northumberland,North,England
Ballymoney,Antrim,Nothern Ireland
Ballycastle,Antrim,Nothern Ireland
Ballymena,Antrim,Nothern Ireland
Larne,Antrim,Nothern Ireland
Antrim,Antrim,Nothern Ireland
Newtownabbey,Antrim,Nothern Ireland
Lisburn,Antrim,Nothern Ireland
Belfast,Belfast,Nothern Ireland
Irvinestown,County Fermanagh,Nothern Ireland
Enniskillen,County Fermanagh,Nothern Ireland
Lisnakea,County Fermanagh,Nothern Ireland
Armagh,County Armagh,Nothern Ireland
Newry No.2,County Armagh,Nothern Ireland
Tanderagee,County Armagh,Nothern Ireland
Lurgan,County Armagh,Nothern Ireland
South Down,County Down,Nothern Ireland
Newry No.1,County Down,Nothern Ireland
East Down,County Down,Nothern Ireland
Banbridge,County Down,Nothern Ireland
Hillsborough,County Down,Nothern Ireland
North Down,County Down,Nothern Ireland
Castlereagh,County Down,Nothern Ireland
Moira,County Down,Nothern Ireland
Clogher,Country Tyrone,Nothern Ireland
Dungannon,Country Tyrone,Nothern Ireland
Castlederg,Country Tyrone,Nothern Ireland
Omagh,Country Tyrone,Nothern Ireland
Cookstown,Country Tyrone,Nothern Ireland
Strabane,Country Tyrone,Nothern Ireland
Londonderry,Londonderry,Nothern Ireland
Limavady,Londonderry,Nothern Ireland
Magherafelt,Londonderry,Nothern Ireland
Coleraine,Londonderry,Nothern Ireland
Dumfries and Galloway,West Scotland,Scotland
Ayrshire and Lanark,West Scotland,Scotland
Glasgow,West Scotland,Scotland
Argyll and Bute,West Scotland,Scotland
Borders,East Scotland,Scotland
Edinburgh,East Scotland,Scotland
Central,East Scotland,Scotland
Fife,East Scotland,Scotland
Tayside,East Scotland,Scotland
Grampian,East Scotland,Scotland
Highland,East Scotland,Scotland
Western Isles,East Scotland,Scotland
Vale of Glamorgan,South Glamorgan,Wales
Cardiff,South Glamorgan,Wales
Ogwr,Mid Glamorgan,Wales
Taff-Ely,Mid Glamorgan,Wales
Rhymney Valley,Mid Glamorgan,Wales
Rhondda,Mid Glamorgan,Wales
Cynon,Mid Glamorgan,Wales
Merthyr Tydfil,Mid Glamorgan,Wales
Swansea,West Glamorgan,Wales
Lliw Valley,West Glamorgan,Wales
Neath,West Glamorgan,Wales
Afan,West Glamorgan,Wales
Newport,Gwent,Wales
Islwyn,Gwent,Wales
Torfaen,Gwent,Wales
Monmouth,Gwent,Wales
Blaenau Gwent,Gwent,Wales
Llanelli,Dyfed,Wales
South Pembrokeshire,Dyfed,Wales
Camarthen,Dyfed,Wales
Preseli,Dyfed,Wales
Dinefwr,Dyfed,Wales
Ceredigigion,Dyfed,Wales
Brecknock,Powys,Wales
Radnor,Powys,Wales
Montgomery,Powys,Wales
Meirionnydd,Gwynedd,Wales
Dwyfor,Gwynedd,Wales
Arfon,Gwynedd,Wales
Anglesey,Gwynedd,Wales
Aberconwy,Gwynedd,Wales
Glyndwr,Clwyd,Wales
Wrexham Maelor,Clwyd,Wales
Alyn and Deeside,Clwyd,Wales
Colwyn,Clwyd,Wales
Rhuddian,Clwyd,Wales
Delyn,Clwyd,Wales
